Wilayah,Komposit,NCPR,Kemiskinan (%),Pengeluaran Pangan (%),Tanpa Listrik (%),Tanpa Air Bersih (%),Lama Sekolah Perempuan (tahun),Rasio Tenaga Kesehatan,Angka Harapan Hidup (tahun),Stunting (%),IKP,IKP Ranking,
aceh - aceh selatan,5,0.57,12.87,44.16,0.13,32.74,9.18,2.60,64.35,0.00,75.55,220,
aceh - aceh tenggara,6,0.22,13.21,46.15,0.53,43.56,9.38,3.01,68.14,0.00,76.22,207,
aceh - aceh timur,6,0.47,14.08,41.57,0.42,43.11,8.51,2.17,68.72,0.00,76.08,213,
aceh - aceh tengah,4,2.30,15.08,25.81,0.83,35.64,10.03,2.63,68.85,0.00,66.31,322,
aceh - aceh barat,6,0.56,18.34,29.72,0.43,24.74,9.63,2.38,67.98,0.00,77.98,173,
aceh - aceh besar,6,0.39,13.84,35.14,0.19,11.28,10.13,1.78,69.78,0.00,83.09,67,
aceh - pidie,5,0.32,19.23,50.78,0.76,33.30,9.47,0.76,66.94,0.00,75.39,223,
aceh - aceh utara,6,0.28,17.02,43.61,0.00,38.30,9.33,0.71,68.80,0.00,77.38,188,
aceh - simeulue,5,1.00,18.49,37.11,0.43,16.83,9.66,2.46,65.26,0.00,74.30,239,
aceh - aceh singkil,3,4.18,20.20,35.53,0.19,39.69,8.64,3.22,67.39,0.00,51.97,370,
aceh - bireuen,6,0.33,13.06,38.37,0.53,32.60,9.57,0.52,71.22,0.00,80.29,125,
aceh - aceh barat daya,6,0.36,15.93,44.38,0.70,30.23,9.06,1.52,65.00,0.00,76.31,205,
aceh - gayo lues,5,0.44,19.32,41.56,1.53,31.78,8.52,9.14,65.47,0.00,73.79,248,
aceh - aceh jaya,6,0.26,12.87,38.86,0.00,26.81,9.00,4.89,67.16,0.00,79.95,134,
aceh - nagan raya,6,0.72,17.70,29.75,0.38,26.80,9.79,2.54,69.22,0.00,77.41,187,
aceh - aceh tamiang,6,0.71,13.08,32.82,0.09,27.19,8.85,1.31,69.58,0.00,78.81,163,
aceh - bener meriah,2,5.00,18.89,31.67,0.37,31.21,9.92,1.07,69.22,0.00,49.97,376,
aceh - pidie jaya,6,0.27,19.19,54.22,0.00,31.10,9.59,0.72,70.14,0.00,77.24,190,
aceh - kota banda aceh,6,0.00,6.90,5.31,0.00,0.44,12.08,0.02,71.45,0.00,85.82,12,
aceh - kota sabang,5,0.00,14.94,23.01,0.30,1.07,11.07,0.45,70.51,0.00,67.15,83,
aceh - kota lhokseumawe,5,0.00,10.80,23.08,0.47,6.05,10.71,0.09,71.60,0.00,67.45,82,
aceh - kota langsa,6,0.00,10.44,15.87,0.00,9.57,10.94,0.31,69.42,0.00,71.08,72,
aceh - kota subulussalam,1,0.00,17.60,28.69,0.20,46.08,9.01,2.39,64.02,0.00,27.85,98,
sumatera utara - tapanuli tengah,5,1.47,12.38,40.64,2.83,36.61,9.03,1.43,67.15,0.00,70.19,292,
sumatera utara - tapanuli utara,6,0.29,9.37,49.83,0.92,44.63,9.79,2.57,68.63,0.00,77.70,180,
sumatera utara - tapanuli selatan,5,0.51,8.47,43.52,2.30,55.08,9.37,6.51,64.91,0.00,74.16,242,
sumatera utara - nias,4,0.67,16.60,30.02,20.91,73.71,6.36,1.83,69.75,0.00,65.29,330,
sumatera utara - langkat,6,0.95,9.73,29.23,0.00,28.46,8.71,1.97,68.80,0.00,78.80,164,
sumatera utara - karo,6,0.18,8.70,50.37,0.19,28.96,10.16,1.53,71.40,0.00,83.22,64,
sumatera utara - deli serdang,6,0.76,3.88,22.57,0.23,15.71,10.07,0.65,71.73,0.00,85.66,21,
sumatera utara - simalungun,6,0.44,8.46,31.95,0.39,34.05,9.84,2.17,71.22,0.00,81.77,93,
sumatera utara - asahan,5,1.92,9.04,22.84,0.20,22.77,9.27,2.06,68.26,0.00,74.10,243,
sumatera utara - labuhanbatu,5,1.35,8.44,26.56,0.55,41.81,9.30,1.21,69.93,0.00,74.48,235,
sumatera utara - dairi,6,0.30,8.04,40.84,1.38,31.91,9.79,2.26,69.00,0.00,80.71,116,
sumatera utara - toba samosir,6,0.27,8.71,45.79,0.70,36.54,10.38,2.31,70.08,0.00,81.27,103,
sumatera utara - mandailing natal,4,0.95,9.18,50.80,4.52,56.34,8.88,3.12,62.60,0.00,67.31,313,
sumatera utara - nias selatan,4,0.89,16.74,46.50,16.04,70.06,7.27,0.95,68.74,0.00,63.54,334,
sumatera utara - pakpak bharat,5,0.84,9.28,39.83,2.01,60.00,9.51,3.25,65.74,0.00,71.12,283,
sumatera utara - humbang hasundutan,5,0.37,9.36,52.36,2.40,53.17,9.66,3.49,69.27,0.00,75.51,222,
sumatera utara - samosir,6,0.40,12.48,41.87,1.29,51.27,9.66,3.76,71.27,0.00,77.60,183,
sumatera utara - serdang bedagai,6,0.18,7.97,33.36,0.13,23.54,8.71,1.48,68.68,0.00,83.23,63,
sumatera utara - batu bara,6,0.90,11.88,29.67,0.71,33.72,8.52,1.07,66.96,0.00,76.15,212,
sumatera utara - padang lawas utara,5,1.24,9.70,45.08,2.88,55.27,9.69,3.50,67.17,0.00,68.56,306,
sumatera utara - padang lawas,5,1.39,8.37,41.09,2.57,48.30,9.37,3.43,67.09,0.00,69.99,294,
sumatera utara - labuhanbatu selatan,3,5.00,8.34,21.04,0.66,27.81,9.11,3.53,68.71,0.00,54.15,364,
sumatera utara - labuhanbatu utara,5,1.23,9.53,26.35,0.35,42.98,8.74,2.36,69.46,0.00,74.49,234,
sumatera utara - nias utara,4,0.70,25.07,31.21,17.34,61.84,7.11,1.54,69.43,0.00,66.60,317,
sumatera utara - nias barat,4,0.68,25.69,40.95,11.02,83.44,6.92,0.89,68.96,0.00,61.29,340,
sumatera utara - kota medan,6,0.00,8.01,9.77,0.00,2.07,11.11,0.02,73.14,0.00,85.02,16,
sumatera utara - kota pematangsiantar,6,0.00,8.27,21.72,0.00,8.82,11.13,0.03,73.55,0.00,79.63,45,
sumatera utara - kota sibolga,6,0.00,11.95,22.24,0.00,5.38,10.58,0.05,69.01,0.00,71.27,71,
sumatera utara - kota tanjung balai,4,0.00,13.33,44.53,0.31,0.66,9.77,0.12,63.27,0.00,54.30,93,
sumatera utara - kota binjai,6,0.00,5.71,15.90,0.00,8.55,10.95,0.04,72.38,0.00,81.49,38,
sumatera utara - kota tebing tinggi,5,0.00,9.85,22.47,0.00,20.66,10.42,0.03,70.87,0.00,69.41,76,
sumatera utara - kota padang sidimpuan,4,0.00,7.40,18.16,0.81,38.23,11.23,0.10,69.41,0.00,60.72,89,
sumatera utara - kota gunungsitoli,3,0.00,16.41,22.13,1.37,26.42,8.76,0.44,71.19,0.00,45.67,96,
sumatera barat - pesisir selatan,6,0.37,7.61,24.85,1.43,17.70,8.60,3.68,70.86,0.00,85.48,25,
sumatera barat - solok,6,0.38,7.81,38.45,1.53,30.43,7.51,3.53,68.58,0.00,79.59,144,
sumatera barat - sijunjung,6,0.64,6.78,30.46,0.74,30.61,8.24,4.03,66.21,0.00,78.88,160,
sumatera barat - tanah datar,6,0.30,4.40,39.74,0.43,25.68,9.01,1.39,69.94,0.00,84.68,42,
sumatera barat - padang pariaman,6,0.45,6.95,32.48,1.32,24.79,8.11,1.42,68.79,0.00,82.50,80,
sumatera barat - agam,6,0.40,6.75,35.05,0.86,26.07,9.43,2.01,72.37,0.00,84.48,45,
sumatera barat - lima puluh kota,6,0.38,6.86,38.13,0.21,35.56,8.16,4.69,69.79,0.00,80.66,117,
sumatera barat - pasaman,6,0.28,7.16,41.34,1.06,34.82,8.54,3.81,67.40,0.00,79.57,145,
sumatera barat - kepulauan mentawai,1,5.00,14.35,58.61,17.99,72.75,6.70,8.99,64.73,0.00,37.67,394,
sumatera barat - dharmasraya,6,1.02,6.23,21.74,0.36,29.86,8.96,3.74,71.33,0.00,80.62,120,
sumatera barat - solok selatan,6,0.30,7.15,31.95,0.43,27.39,9.13,4.59,67.81,0.00,82.87,74,
sumatera barat - pasaman barat,6,0.38,7.04,40.09,0.66,32.91,8.64,3.03,67.82,0.00,80.02,131,
sumatera barat - kota padang,6,0.00,4.40,10.05,0.05,2.08,11.86,0.12,73.65,0.00,87.73,6,
sumatera barat - kota solok,6,0.00,2.77,9.59,0.00,3.99,11.09,0.07,73.61,0.00,87.45,7,
sumatera barat - kota sawahlunto,5,0.00,2.16,20.43,1.38,8.24,10.50,0.52,70.00,0.00,69.82,75,
sumatera barat - kota padang panjang,6,0.00,5.24,11.50,0.00,6.38,11.79,0.05,72.82,0.00,83.65,29,
sumatera barat - kota bukittinggi,6,0.00,4.54,8.56,0.00,4.67,11.50,0.02,74.38,0.00,88.90,3,
sumatera barat - kota payakumbuh,6,0.00,5.65,14.32,0.00,2.35,10.74,0.12,73.74,0.00,84.00,24,
sumatera barat - kota pariaman,6,0.00,4.10,25.92,0.37,17.20,11.10,0.11,70.28,0.00,72.93,65,
riau - kampar,4,4.11,7.38,18.77,0.00,28.27,9.15,6.57,70.76,0.00,61.78,337,
riau - indragiri hulu,4,3.84,5.96,9.68,1.30,23.34,8.60,5.68,70.25,0.00,64.66,332,
riau - bengkalis,4,4.26,6.40,16.73,0.31,32.31,9.81,4.21,71.20,0.00,61.15,341,
riau - indragiri hilir,5,1.38,5.93,28.31,5.21,69.56,7.57,6.49,67.85,0.00,69.15,299,
riau - pelalawan,4,3.53,9.16,21.19,1.17,14.22,8.43,10.13,71.16,0.00,66.16,325,
riau - rokan hulu,3,4.94,10.31,23.19,0.59,25.19,8.47,6.56,70.06,0.00,54.92,361,
riau - rokan hilir,4,2.72,6.72,28.47,1.68,36.27,8.51,4.83,70.30,0.00,67.48,312,
riau - siak,6,2.18,5.09,21.75,0.64,16.89,9.85,6.72,71.11,0.00,76.84,198,
riau - kuantan singingi,5,2.06,8.91,21.51,1.01,26.51,8.61,6.73,68.55,0.00,72.64,263,
riau - kepulauan meranti,1,5.00,25.28,19.24,3.45,87.94,8.05,6.07,67.68,0.00,38.12,393,
riau - kota pekanbaru,6,0.00,2.62,6.22,0.00,5.84,12.02,0.11,72.34,0.00,90.56,2,
riau - kota dumai,6,0.00,3.16,11.46,0.00,9.30,10.14,1.27,70.93,0.00,78.64,50,
jambi - kerinci,6,0.35,7.30,22.35,3.10,28.30,8.76,2.59,69.93,0.00,83.31,61,
jambi - merangin,6,1.06,8.63,28.02,2.59,43.23,8.01,3.85,71.26,0.00,77.23,193,
jambi - sarolangun,5,2.04,8.42,27.73,0.20,43.90,8.08,5.68,69.17,0.00,70.82,287,
jambi - batanghari,5,1.57,9.65,37.47,0.52,38.83,8.60,4.77,70.56,0.00,73.52,253,
jambi - muaro jambi,5,2.52,3.83,27.72,1.12,31.68,8.97,4.22,71.27,0.00,72.79,261,
jambi - tanjung jabung barat,5,1.59,10.29,38.87,3.62,56.03,7.99,4.01,68.12,0.00,68.54,307,
jambi - tanjung jabung timur,5,0.66,10.95,30.80,1.44,65.54,7.23,6.17,66.23,0.00,72.21,270,
jambi - bungo,5,2.27,5.80,21.43,0.32,42.05,8.30,2.63,67.74,0.00,70.69,289,
jambi - tebo,5,1.72,6.26,33.19,0.82,43.97,7.76,5.69,69.99,0.00,72.73,262,
jambi - kota jambi,6,0.00,8.27,15.62,0.00,6.66,10.93,0.05,72.65,0.00,79.73,44,
jambi - kota sungai penuh,6,0.00,3.03,22.32,0.52,9.71,10.38,0.51,72.11,0.00,74.45,59,
sumatera selatan - ogan komering ulu,5,1.21,12.75,30.42,1.34,24.80,8.61,2.38,68.20,0.00,74.93,230,
sumatera selatan - ogan komering ilir,6,0.26,14.73,35.39,0.97,34.72,7.24,7.50,68.61,0.00,76.81,199,
sumatera selatan - muara enim,5,1.60,12.32,15.91,0.35,36.74,7.96,3.56,68.90,0.00,71.54,280,
sumatera selatan - lahat,5,1.04,15.95,35.45,0.05,56.54,8.75,4.04,66.04,0.00,68.85,301,
sumatera selatan - musi rawas,5,0.41,13.50,32.37,1.84,46.45,7.66,4.32,68.14,0.00,75.33,226,
sumatera selatan - musi banyuasin,6,0.59,16.13,16.38,1.45,32.07,7.76,7.12,68.75,0.00,77.27,189,
sumatera selatan - banyuasin,6,0.15,11.17,32.05,0.53,48.05,7.45,5.77,68.97,0.00,78.30,172,
sumatera selatan - ogan komering ulu timur,6,0.17,10.43,22.21,0.18,43.97,7.67,1.26,69.10,0.00,80.50,122,
sumatera selatan - ogan komering ulu selatan,5,0.32,10.85,57.76,5.77,49.80,8.02,4.72,67.04,0.00,74.30,240,
sumatera selatan - ogan ilir,5,0.84,13.36,40.65,1.15,42.84,8.31,1.87,65.48,0.00,71.74,278,
sumatera selatan - empat lawang,4,0.79,12.63,40.86,4.23,80.20,7.94,2.89,65.08,0.00,66.07,326,
sumatera selatan - penukal abab lematang ilir,5,1.36,12.62,17.01,0.31,43.33,7.19,2.11,68.27,0.00,71.31,282,
sumatera selatan - musi rawas utara,4,2.15,19.47,36.42,3.55,49.37,7.46,6.77,65.68,0.00,60.33,345,
sumatera selatan - kota palembang,6,0.00,10.89,15.77,0.00,2.87,10.43,0.05,70.79,0.00,73.83,61,
sumatera selatan - kota pagar alam,3,0.00,9.07,34.99,0.05,43.19,9.63,1.03,66.71,0.00,47.09,95,
sumatera selatan - kota lubuklinggau,4,0.00,12.71,16.95,0.64,31.91,10.00,0.33,69.25,0.00,53.91,94,
sumatera selatan - kota prabumulih,4,0.00,11.59,16.91,0.15,34.21,10.07,0.15,70.32,0.00,60.17,91,
bengkulu - bengkulu selatan,5,0.38,17.82,41.00,0.26,62.62,9.16,1.14,67.90,0.00,72.30,269,
bengkulu - rejang lebong,4,1.37,15.85,25.95,1.84,65.67,8.35,1.46,68.57,0.00,67.54,310,
bengkulu - bengkulu utara,5,1.63,11.67,29.41,2.17,54.46,7.93,3.35,68.19,0.00,68.21,308,
bengkulu - kaur,5,0.63,18.47,32.19,0.56,47.55,8.61,4.20,66.63,0.00,72.12,272,
bengkulu - seluma,4,0.76,18.56,29.86,0.76,72.23,8.21,2.63,67.75,0.00,67.29,314,
bengkulu - mukomuko,6,0.81,11.72,27.76,0.75,32.26,8.61,3.72,66.64,0.00,76.17,209,
bengkulu - lebong,5,0.42,11.85,43.61,0.84,42.80,8.07,3.94,63.29,0.00,74.38,237,
bengkulu - kepahiang,5,1.27,14.69,35.23,2.22,54.02,8.71,0.84,67.95,0.00,68.68,302,
bengkulu - bengkulu tengah,5,1.65,9.30,30.93,0.63,60.48,7.93,1.89,68.19,0.00,68.63,304,
bengkulu - kota bengkulu,5,0.00,17.65,10.70,0.00,15.34,11.66,0.06,70.13,0.00,67.82,81,
lampung - lampung selatan,6,0.26,14.08,30.69,0.19,30.98,7.75,1.24,69.33,0.00,79.66,142,
lampung - lampung tengah,6,0.13,11.82,25.11,0.00,47.25,7.65,1.55,69.84,0.00,80.16,129,
lampung - lampung utara,5,0.16,19.30,31.29,0.07,63.26,8.47,1.30,69.21,0.00,73.00,258,
lampung - lampung barat,5,0.86,12.52,33.28,2.47,60.63,8.32,2.29,67.58,0.00,70.80,288,
lampung - tulang bawang,6,0.14,9.33,18.89,0.51,21.77,8.09,2.56,69.97,0.00,84.58,44,
lampung - tanggamus,5,0.69,11.68,31.91,0.05,45.55,7.56,2.23,68.56,0.00,75.34,225,
lampung - lampung timur,6,0.14,14.62,23.43,0.21,34.61,7.88,2.35,70.73,0.00,81.20,104,
lampung - way kanan,5,0.25,12.90,35.59,0.65,57.98,7.70,2.83,69.40,0.00,74.96,229,
lampung - pesawaran,6,0.29,14.76,35.36,0.47,32.21,7.97,1.25,69.04,0.00,78.96,158,
lampung - pringsewu,6,0.44,9.97,30.13,0.22,15.35,8.51,0.41,70.08,0.00,84.05,50,
lampung - mesuji,6,0.12,7.33,12.38,1.23,18.12,7.20,3.39,68.19,0.00,85.60,23,
lampung - tulang bawang barat,6,0.15,7.39,25.44,0.00,64.69,7.71,1.70,70.00,0.00,78.58,167,
lampung - pesisir barat,5,0.39,14.29,44.86,2.32,56.27,8.53,4.84,63.50,0.00,71.60,279,
lampung - kota bandar lampung,6,0.00,8.81,14.60,0.00,11.33,10.63,0.04,71.37,0.00,74.17,60,
lampung - kota metro,6,0.00,8.47,10.68,0.12,17.27,11.22,0.06,71.63,0.00,76.74,54,
kepulauan bangka belitung - bangka,6,1.46,4.51,14.56,0.00,16.97,8.25,1.86,71.06,0.00,81.15,105,
kepulauan bangka belitung - belitung,4,5.00,6.27,9.55,0.62,8.88,8.50,2.82,71.05,0.00,60.93,343,
kepulauan bangka belitung - bangka selatan,6,0.60,3.52,32.03,0.97,25.05,7.09,5.60,68.16,0.00,81.93,89,
kepulauan bangka belitung - bangka tengah,3,5.00,4.85,17.82,0.15,16.76,7.57,3.37,71.36,0.00,58.87,349,
kepulauan bangka belitung - bangka barat,6,1.65,2.70,13.78,0.30,23.11,7.40,3.68,70.06,0.00,78.58,166,
kepulauan bangka belitung - belitung timur,4,4.05,6.52,13.62,0.89,12.12,8.58,4.28,72.03,0.00,66.52,318,
kepulauan bangka belitung - kota pangkalpinang,6,0.00,4.36,5.08,0.00,12.81,10.15,0.08,73.30,0.00,84.59,18,
kepulauan riau - bintan,3,5.00,6.36,9.31,0.38,26.00,9.24,1.48,70.38,0.00,58.82,350,
kepulauan riau - karimun,3,5.00,6.83,18.01,0.82,23.31,8.47,0.95,70.91,0.00,58.12,351,
kepulauan riau - natuna,3,5.00,4.43,17.72,0.93,14.51,8.71,2.96,65.06,0.00,57.64,355,
kepulauan riau - lingga,2,5.00,13.85,31.57,3.25,41.47,6.79,3.64,62.06,0.00,46.35,382,
kepulauan riau - kepulauan anambas,3,5.00,6.56,15.39,1.54,41.24,7.85,1.26,67.21,0.00,53.51,365,
kepulauan riau - kota batam,6,0.00,4.75,5.06,0.00,0.90,10.92,0.30,73.33,0.00,88.60,5,
kepulauan riau - kota tanjungpinang,6,0.00,9.37,5.33,0.06,8.87,10.63,0.11,72.10,0.00,79.80,42,
dki jakarta - kepulauan seribu,2,5.00,14.87,72.09,0.00,3.30,8.81,0.05,68.76,0.00,51.39,372,
dki jakarta - jakarta pusat,6,0.00,4.51,15.52,0.00,1.13,11.18,0.00,74.11,0.00,84.73,17,
dki jakarta - jakarta utara,6,0.00,6.78,23.37,0.00,0.53,10.56,0.02,73.28,0.00,79.54,46,
dki jakarta - jakarta barat,6,0.00,4.25,18.22,0.00,2.82,10.46,0.01,73.62,0.00,84.01,23,
dki jakarta - jakarta selatan,6,0.00,3.43,12.68,0.00,14.98,11.37,0.01,74.12,0.00,84.41,19,
dki jakarta - jakarta timur,6,0.00,4.16,13.61,0.00,11.35,11.18,0.01,74.47,0.00,83.97,25,
jawa barat - bogor,5,2.53,7.69,27.27,0.00,33.39,8.12,0.39,71.17,0.00,68.90,300,
jawa barat - sukabumi,6,0.68,7.09,45.16,0.00,54.25,7.42,1.03,70.97,0.00,76.31,204,
jawa barat - cianjur,6,0.63,10.36,37.64,0.45,40.56,7.32,0.95,70.13,0.00,77.21,194,
jawa barat - bandung,6,1.63,6.91,29.01,0.00,15.69,9.17,0.47,73.53,0.00,79.41,149,
jawa barat - garut,6,0.47,9.98,57.71,0.05,47.28,7.68,0.75,71.41,0.00,76.52,203,
jawa barat - tasikmalaya,5,0.63,10.34,57.46,0.09,43.27,7.73,1.05,69.47,0.00,74.51,233,
jawa barat - ciamis,6,0.66,7.62,39.72,0.00,35.06,7.78,0.63,71.83,0.00,80.01,132,
jawa barat - kuningan,6,0.56,12.82,48.11,0.00,25.14,7.93,0.42,73.59,0.00,80.86,111,
jawa barat - cirebon,6,0.82,11.24,40.29,0.26,25.94,7.43,0.20,71.99,0.00,78.84,162,
jawa barat - majalengka,6,0.36,11.43,49.01,0.00,20.33,7.62,0.45,70.27,0.00,80.79,113,
jawa barat - sumedang,6,0.44,10.26,33.68,0.04,21.41,8.83,0.75,72.43,0.00,83.73,54,
jawa barat - indramayu,6,0.24,12.70,45.37,0.12,7.99,6.31,0.75,71.63,0.00,83.07,69,
jawa barat - subang,6,0.29,9.31,30.01,0.09,30.95,7.10,0.69,72.35,0.00,82.81,75,
jawa barat - purwakarta,6,1.00,8.27,25.46,0.00,32.40,8.14,0.34,70.99,0.00,79.14,154,
jawa barat - karawang,6,0.41,8.26,24.06,0.06,16.44,7.80,0.28,72.15,0.00,85.63,22,
jawa barat - bekasi,6,1.13,4.82,21.57,0.00,5.04,9.52,0.21,73.68,0.00,86.29,15,
jawa barat - bandung barat,5,1.48,10.49,45.16,0.28,29.70,8.34,0.60,72.34,0.00,74.18,241,
jawa barat - pangandaran,6,0.47,8.99,37.59,0.00,34.34,7.83,1.08,71.40,0.00,80.64,119,
jawa barat - kota bogor,6,0.00,6.68,17.90,0.00,12.78,9.93,0.03,73.61,0.00,74.53,58,
jawa barat - kota sukabumi,5,0.00,7.70,26.44,0.27,23.15,9.65,0.03,72.42,0.00,64.05,85,
jawa barat - kota bandung,6,0.00,3.99,12.65,0.00,9.77,10.67,0.01,74.28,0.00,82.15,33,
jawa barat - kota cirebon,6,0.00,9.52,16.98,0.00,1.73,9.65,0.01,72.26,0.00,73.01,63,
jawa barat - kota bekasi,6,0.00,4.38,12.79,0.00,9.30,11.08,0.03,75.01,0.00,85.20,15,
jawa barat - kota depok,6,0.00,2.45,7.20,0.00,19.47,11.21,0.03,74.44,0.00,86.04,11,
jawa barat - kota cimahi,6,0.00,5.11,13.00,0.00,8.08,10.75,0.02,74.03,0.00,82.75,31,
jawa barat - kota tasikmalaya,5,0.00,12.97,19.28,0.12,19.99,9.56,0.08,72.15,0.00,63.12,87,
jawa barat - kota banjar,4,0.00,6.09,41.36,0.00,19.04,8.60,0.18,70.99,0.00,60.63,90,
jawa tengah - cilacap,6,0.40,11.46,19.67,0.00,22.62,7.10,0.61,73.73,0.00,84.23,48,
jawa tengah - banyumas,6,0.99,13.26,19.85,0.00,23.33,7.85,0.24,73.72,0.00,79.97,133,
jawa tengah - purbalingga,6,0.81,15.90,22.47,0.07,25.24,7.64,0.34,73.14,0.00,79.33,150,
jawa tengah - banjarnegara,6,0.92,15.64,22.57,0.12,26.79,7.16,0.55,74.18,0.00,78.99,157,
jawa tengah - kebumen,6,0.60,17.59,25.63,0.34,35.50,7.41,0.36,73.40,0.00,78.56,168,
jawa tengah - purworejo,6,0.46,11.78,31.85,0.00,28.11,8.47,0.57,74.72,0.00,83.28,62,
jawa tengah - wonosobo,6,0.72,17.36,27.26,0.00,6.30,7.12,0.67,71.82,0.00,79.83,139,
jawa tengah - magelang,6,1.05,11.27,25.11,0.19,20.65,7.80,0.65,73.72,0.00,79.92,135,
jawa tengah - boyolali,6,0.52,10.18,14.61,0.00,25.74,7.87,0.44,75.95,0.00,85.14,35,
jawa tengah - klaten,6,0.58,12.89,29.68,0.00,35.60,8.63,0.19,76.78,0.00,81.60,98,
jawa tengah - sukoharjo,6,0.49,7.68,14.03,0.00,18.71,9.37,0.14,77.65,0.00,88.70,4,
jawa tengah - wonogiri,6,0.18,10.86,23.19,0.00,12.67,7.28,0.79,76.16,0.00,88.04,8,
jawa tengah - karanganyar,6,0.54,10.28,19.44,0.00,12.63,8.56,0.37,77.47,0.00,87.63,9,
jawa tengah - sragen,6,0.22,13.38,14.36,0.00,8.99,7.59,0.32,75.71,0.00,87.55,10,
jawa tengah - grobogan,6,0.22,12.46,38.63,0.00,9.66,7.16,0.64,74.75,0.00,85.39,28,
jawa tengah - blora,6,0.21,11.96,31.09,0.03,9.25,6.96,0.88,74.41,0.00,85.87,18,
jawa tengah - rembang,6,0.45,15.60,33.44,0.00,14.34,7.51,0.55,74.55,0.00,83.07,68,
jawa tengah - pati,6,0.21,10.08,19.52,0.00,17.40,7.53,0.44,76.22,0.00,88.38,5,
jawa tengah - kudus,6,0.76,7.31,14.87,0.00,17.50,8.80,0.14,76.60,0.00,86.69,13,
jawa tengah - jepara,6,0.58,7.17,19.64,0.00,26.11,7.90,0.44,75.84,0.00,84.98,36,
jawa tengah - demak,6,0.30,12.54,24.78,0.00,12.39,8.07,0.44,75.40,0.00,85.82,19,
jawa tengah - semarang,6,0.76,7.51,17.62,0.00,13.99,8.23,0.46,75.73,0.00,86.55,14,
jawa tengah - temanggung,6,1.18,9.96,14.89,0.00,19.09,7.48,0.48,75.58,0.00,81.69,94,
jawa tengah - kendal,6,0.63,9.99,22.77,0.00,14.09,7.86,0.46,74.43,0.00,85.18,31,
jawa tengah - batang,6,0.72,9.13,24.54,0.55,24.53,7.22,0.46,74.69,0.00,82.98,71,
jawa tengah - pekalongan,6,0.88,10.19,32.35,0.00,26.81,7.36,0.47,73.69,0.00,79.33,151,
jawa tengah - pemalang,6,0.61,16.02,36.01,0.00,25.46,6.75,0.44,73.40,0.00,78.35,171,
jawa tengah - tegal,6,0.68,8.14,23.38,0.00,25.13,7.02,0.28,71.60,0.00,81.80,92,
jawa tengah - brebes,6,0.62,17.03,24.48,0.15,24.15,6.37,0.55,69.33,0.00,76.91,197,
jawa tengah - kota magelang,6,0.00,7.58,13.01,0.00,6.67,10.65,0.01,76.85,0.00,82.59,32,
jawa tengah - kota surakarta,6,0.00,9.03,10.18,0.00,13.85,10.85,0.01,77.22,0.00,77.92,53,
jawa tengah - kota salatiga,6,0.00,4.94,5.28,0.00,8.04,10.43,0.05,77.40,0.00,85.55,13,
jawa tengah - kota semarang,6,0.00,4.34,9.33,0.00,4.91,10.32,0.04,77.34,0.00,86.67,10,
jawa tengah - kota pekalongan,5,0.00,7.17,20.63,0.17,22.70,9.24,0.03,74.38,0.00,68.85,78,
jawa tengah - kota tegal,6,0.00,7.80,15.95,0.14,0.16,8.90,0.02,74.46,0.00,78.39,51,
di yogyakarta - kulon progo,6,0.67,18.01,27.11,0.39,18.32,9.10,0.41,75.24,0.00,81.46,101,
di yogyakarta - bantul,6,1.29,13.50,21.28,0.21,18.64,9.36,0.17,73.86,0.00,80.06,130,
di yogyakarta - gunungkidul,6,0.19,17.07,43.31,0.00,30.54,7.18,0.94,74.12,0.00,80.36,124,
di yogyakarta - sleman,6,1.52,8.12,13.55,0.00,16.70,11.12,0.09,74.81,0.00,83.39,59,
di yogyakarta - kota yogyakarta,6,0.00,7.27,7.57,0.00,18.53,11.44,0.01,74.65,0.00,81.88,35,
jawa timur - pacitan,6,0.49,14.54,30.03,0.16,35.03,7.60,1.16,71.94,0.00,79.49,147,
jawa timur - ponorogo,6,0.25,9.95,20.64,0.00,24.54,7.74,0.56,72.77,0.00,85.26,30,
jawa timur - trenggalek,6,0.51,11.62,28.79,0.05,36.63,7.86,0.74,73.75,0.00,80.84,112,
jawa timur - tulungagung,6,0.50,7.33,22.46,0.00,29.64,8.62,0.39,74.08,0.00,85.15,34,
jawa timur - blitar,6,0.52,9.33,18.20,0.11,29.03,7.61,0.72,73.52,0.00,83.83,52,
jawa timur - kediri,6,0.75,11.40,23.67,0.08,30.36,8.13,0.51,72.61,0.00,80.64,118,
jawa timur - malang,6,1.00,10.15,23.07,0.00,26.64,7.68,0.73,72.55,0.00,79.85,138,
jawa timur - lumajang,6,0.52,9.83,37.32,0.00,35.96,6.79,0.79,70.10,0.00,78.70,165,
jawa timur - jember,6,0.56,10.09,40.44,0.00,36.47,6.79,0.74,69.15,0.00,76.70,201,
jawa timur - banyuwangi,6,0.52,8.06,21.51,0.09,24.79,7.14,1.62,70.65,0.00,82.80,78,
jawa timur - bondowoso,5,0.40,14.17,48.67,0.00,30.82,5.99,0.77,66.74,0.00,74.89,231,
jawa timur - situbondo,6,0.39,12.22,47.72,0.00,34.86,6.70,0.92,69.13,0.00,77.58,184,
jawa timur - probolinggo,5,0.67,18.61,46.04,0.00,37.53,6.35,0.85,67.20,0.00,69.80,296,
jawa timur - pasuruan,6,0.92,9.26,32.27,0.00,36.55,7.48,0.61,70.23,0.00,77.01,196,
jawa timur - sidoarjo,6,1.81,5.59,10.48,0.26,10.16,10.52,0.11,74.04,0.00,83.57,56,
jawa timur - mojokerto,6,0.47,10.57,27.20,0.00,18.31,8.55,0.28,72.53,0.00,84.46,46,
jawa timur - jombang,6,0.50,9.94,30.89,0.00,20.85,8.46,0.31,72.40,0.00,83.71,55,
jawa timur - nganjuk,6,0.34,11.62,40.42,0.00,21.65,7.76,0.53,71.54,0.00,82.17,85,
jawa timur - madiun,6,0.27,11.46,20.92,0.00,17.45,7.69,0.72,71.38,0.00,84.85,37,
jawa timur - magetan,6,0.30,10.35,21.46,0.00,10.43,8.21,0.41,72.59,0.00,87.09,11,
jawa timur - ngawi,6,0.16,15.44,31.48,0.00,12.10,7.11,0.58,72.30,0.00,83.86,51,
jawa timur - bojonegoro,6,0.26,12.87,34.19,0.00,9.24,7.47,0.79,71.56,0.00,84.40,47,
jawa timur - tuban,6,0.24,15.91,34.18,0.00,11.77,7.20,1.04,71.43,0.00,83.00,70,
jawa timur - lamongan,6,0.23,13.85,24.05,0.21,8.89,8.19,0.53,72.40,0.00,85.80,20,
jawa timur - gresik,6,0.50,12.40,9.02,0.00,1.05,9.23,0.35,72.66,0.00,88.25,6,
jawa timur - bangkalan,5,0.54,20.56,47.64,0.00,34.50,6.35,0.42,70.18,0.00,74.04,245,
jawa timur - sampang,5,0.46,22.78,61.87,0.00,21.78,5.59,0.65,68.03,0.00,72.16,271,
jawa timur - pamekasan,6,0.76,14.60,43.01,0.00,20.93,7.00,0.38,67.58,0.00,76.18,208,
jawa timur - sumenep,6,0.38,20.18,49.37,0.36,24.73,5.96,0.86,71.41,0.00,76.17,210,
jawa timur - kota kediri,5,0.00,7.69,13.53,0.00,37.26,9.53,0.03,74.02,0.00,68.60,80,
jawa timur - kota blitar,5,0.00,7.78,12.01,0.00,38.46,9.13,0.03,73.75,0.00,68.69,79,
jawa timur - kota malang,6,0.00,4.44,6.68,0.00,12.44,10.38,0.03,73.27,0.00,84.38,20,
jawa timur - kota probolinggo,6,0.00,7.43,9.51,0.00,11.96,8.14,0.06,70.29,0.00,72.53,67,
jawa timur - kota pasuruan,5,0.00,6.66,29.50,0.00,7.72,8.49,0.04,71.52,0.00,70.07,74,
jawa timur - kota mojokerto,6,0.00,6.24,12.31,0.00,11.49,9.26,0.02,73.32,0.00,79.41,47,
jawa timur - kota madiun,6,0.00,4.98,8.08,0.00,7.51,9.87,0.02,72.81,0.00,82.86,30,
jawa timur - kota surabaya,6,0.00,5.02,13.64,0.07,0.45,10.30,0.02,74.18,0.00,85.25,14,
jawa timur - kota batu,6,0.00,3.89,9.52,0.00,24.94,8.60,0.17,72.61,0.00,74.74,57,
banten - pandeglang,5,0.48,9.92,38.90,0.00,52.60,7.24,1.53,64.66,0.00,73.39,255,
banten - lebak,5,0.58,9.24,43.73,1.46,58.45,6.75,1.17,67.21,0.00,72.60,264,
banten - tangerang,6,1.79,6.23,27.55,0.00,25.70,8.53,0.19,69.89,0.00,76.07,214,
banten - serang,6,0.75,4.94,32.21,0.25,28.07,7.67,0.75,64.64,0.00,77.70,181,
banten - kota tangerang,6,0.00,5.22,20.88,0.00,8.04,10.57,0.03,71.60,0.00,78.88,49,
banten - kota cilegon,6,0.00,3.69,19.39,0.00,14.62,9.81,0.13,66.67,0.00,71.42,70,
banten - kota serang,5,0.00,6.06,33.98,0.00,22.99,8.95,0.16,68.00,0.00,61.24,88,
banten - kota tangerang selatan,6,0.00,2.29,2.37,0.00,21.83,10.79,0.03,72.47,0.00,83.74,27,
bali - jembrana,6,1.15,4.51,31.65,0.00,15.58,7.74,0.91,72.35,0.00,82.51,79,
bali - tabanan,6,0.56,4.27,10.56,0.00,11.09,8.40,0.47,73.65,0.00,90.17,1,
bali - badung,6,1.14,2.02,11.29,0.19,4.86,9.96,0.13,75.10,0.00,89.38,3,
bali - gianyar,6,1.01,4.08,9.05,0.00,3.21,8.83,0.16,73.68,0.00,89.46,2,
bali - klungkung,6,1.13,4.87,21.37,0.19,17.72,7.47,0.25,71.25,0.00,82.80,77,
bali - bangli,5,2.57,4.19,30.03,0.09,33.38,7.02,0.38,70.52,0.00,70.04,293,
bali - karangasem,6,1.00,5.91,24.07,0.35,26.52,6.01,0.67,70.47,0.00,80.24,127,
bali - buleleng,6,1.87,5.32,37.83,0.22,21.36,7.11,0.66,71.83,0.00,75.79,218,
bali - kota denpasar,6,0.00,2.14,5.04,0.11,0.92,11.23,0.02,74.82,0.00,93.97,1,
nusa tenggara barat - lombok barat,5,0.80,14.28,22.71,0.30,29.10,6.67,0.79,66.94,0.00,74.70,232,
nusa tenggara barat - lombok tengah,6,0.50,13.44,26.87,0.15,24.82,6.48,0.60,66.21,0.00,75.95,216,
nusa tenggara barat - lombok timur,5,0.76,15.24,31.90,0.10,32.70,7.11,0.43,65.97,0.00,72.86,259,
nusa tenggara barat - sumbawa,6,0.16,13.65,18.50,0.31,18.09,7.78,2.78,67.54,0.00,82.32,82,
nusa tenggara barat - dompu,6,0.14,12.16,19.08,0.57,32.03,8.55,1.68,66.82,0.00,79.76,140,
nusa tenggara barat - bima,6,0.24,14.49,29.06,0.34,32.15,7.75,3.60,66.33,0.00,77.49,186,
nusa tenggara barat - sumbawa barat,6,0.27,13.34,16.92,0.00,12.82,8.83,2.15,68.07,0.00,82.26,83,
nusa tenggara barat - lombok utara,5,0.59,26.99,35.52,0.00,37.42,6.92,0.96,67.17,0.00,68.67,303,
nusa tenggara barat - kota mataram,6,0.00,8.47,12.51,0.11,4.25,9.63,0.02,71.76,0.00,73.44,62,
nusa tenggara barat - kota bima,5,0.00,8.35,13.12,0.14,12.78,10.80,0.35,70.38,0.00,69.28,77,
nusa tenggara timur - kupang,4,0.74,22.77,46.08,10.86,33.86,7.50,6.56,64.63,0.00,66.42,320,
nusa tenggara timur - timor tengah selatan,3,0.63,27.49,58.73,38.28,47.47,6.43,4.17,66.42,0.00,59.51,347,
nusa tenggara timur - timor tengah utara,4,0.89,22.28,62.25,8.35,32.28,8.39,2.14,66.96,0.00,66.47,319,
nusa tenggara timur - belu,5,0.62,15.37,39.30,9.47,31.18,7.95,1.56,64.61,0.00,71.89,275,
nusa tenggara timur - alor,4,1.11,21.09,60.02,7.38,57.02,8.52,2.55,61.48,0.00,60.82,344,
nusa tenggara timur - flores timur,5,1.28,10.84,42.72,1.05,21.40,7.44,1.22,65.20,0.00,72.36,268,
nusa tenggara timur - sikka,5,0.89,13.12,39.30,14.42,24.43,7.27,1.16,67.24,0.00,73.54,252,
nusa tenggara timur - ende,5,1.06,23.76,43.48,5.10,15.99,8.02,3.10,65.29,0.00,69.50,298,
nusa tenggara timur - ngada,6,0.43,12.51,39.34,7.02,24.44,8.96,2.38,68.04,0.00,79.87,136,
nusa tenggara timur - manggarai,5,0.57,20.34,46.76,8.13,24.38,7.69,1.23,67.03,0.00,71.88,276,
nusa tenggara timur - sumba timur,4,0.54,29.65,45.60,7.10,37.64,7.86,10.02,65.13,0.00,66.21,323,
nusa tenggara timur - sumba barat,4,0.74,28.17,39.39,22.68,38.34,7.25,1.11,67.08,0.00,64.63,333,
nusa tenggara timur - lembata,5,0.48,26.14,40.25,6.75,33.84,7.81,1.99,67.07,0.00,70.43,290,
nusa tenggara timur - rote ndao,4,0.88,27.54,51.74,6.74,18.52,8.18,2.53,64.60,0.00,66.41,321,
nusa tenggara timur - manggarai barat,5,0.31,17.71,39.95,10.08,35.68,7.22,3.42,67.38,0.00,71.92,274,
nusa tenggara timur - nagekeo,5,0.63,12.61,34.59,4.05,41.61,8.27,2.12,67.13,0.00,74.39,236,
nusa tenggara timur - sumba tengah,4,0.40,34.49,48.30,17.60,61.46,7.90,4.27,68.38,0.00,61.94,335,
nusa tenggara timur - sumba barat daya,3,0.48,28.00,74.81,35.40,69.85,6.59,1.67,68.53,0.00,57.96,352,
nusa tenggara timur - manggarai timur,4,0.53,26.52,74.66,36.14,49.10,7.30,2.51,68.04,0.00,61.74,338,
nusa tenggara timur - sabu raijua,2,2.25,30.18,58.23,5.76,45.18,7.72,1.15,60.64,0.00,51.03,373,
nusa tenggara timur - malaka,4,0.41,16.04,49.28,9.87,59.88,7.26,1.62,64.97,0.00,67.08,316,
nusa tenggara timur - kota kupang,6,0.00,8.96,6.48,0.02,12.28,11.55,0.11,69.55,0.00,75.64,55,
kalimantan barat - sambas,5,0.72,7.70,29.13,0.17,91.34,6.08,5.25,68.93,0.00,68.16,309,
kalimantan barat - mempawah,5,0.71,4.95,23.78,0.69,79.21,7.75,4.43,71.04,0.00,74.36,238,
kalimantan barat - sanggau,6,1.01,4.46,16.29,8.04,54.39,7.29,13.78,71.42,0.00,76.00,215,
kalimantan barat - ketapang,5,0.84,10.29,22.09,6.44,57.17,7.27,18.63,71.10,0.00,74.05,244,
kalimantan barat - sintang,5,1.64,9.27,25.56,5.30,44.36,7.23,12.09,71.71,0.00,71.51,281,
kalimantan barat - kapuas hulu,5,1.43,8.99,27.22,1.88,44.21,7.64,23.46,72.52,0.00,72.41,267,
kalimantan barat - bengkayang,6,0.44,6.62,24.42,5.05,56.09,7.26,4.27,73.83,0.00,79.55,146,
kalimantan barat - landak,5,0.44,11.12,26.25,13.14,59.02,7.30,8.95,72.84,0.00,75.23,227,
kalimantan barat - sekadau,5,1.07,5.87,28.70,11.62,61.27,6.77,8.85,71.84,0.00,73.13,257,
kalimantan barat - melawi,3,2.88,12.04,33.73,10.32,55.94,6.77,17.68,72.97,0.00,59.18,348,
kalimantan barat - kayong utara,5,0.46,9.56,21.43,0.76,75.01,6.15,10.96,68.28,0.00,72.56,265,
kalimantan barat - kubu raya,5,0.95,4.42,17.73,1.34,86.47,7.18,5.59,70.59,0.00,72.47,266,
kalimantan barat - kota pontianak,5,0.00,4.70,8.76,0.00,55.49,10.11,0.05,72.96,0.00,66.57,84,
kalimantan barat - kota singkawang,5,0.00,4.53,10.99,0.20,40.28,8.18,0.34,72.06,0.00,63.22,86,
kalimantan  tengah - kotawaringin barat,4,4.89,3.59,14.33,0.39,16.48,8.39,10.68,70.59,0.00,60.10,346,
kalimantan  tengah - kotawaringin timur,6,1.20,5.62,18.17,0.53,28.18,8.06,12.73,69.85,0.00,77.56,185,
kalimantan  tengah - kapuas,6,0.32,5.04,34.11,2.24,46.43,8.17,9.94,68.74,0.00,78.39,170,
kalimantan  tengah - barito selatan,6,1.24,4.45,29.22,1.64,32.91,8.83,11.47,67.09,0.00,75.72,219,
kalimantan  tengah - barito utara,6,0.40,5.17,15.64,2.57,27.54,8.96,9.27,71.30,0.00,84.77,40,
kalimantan  tengah - katingan,6,0.59,4.79,38.67,1.15,32.59,8.55,23.87,65.78,0.00,77.89,175,
kalimantan  tengah - seruyan,5,2.67,6.85,13.81,1.12,18.80,8.14,21.22,69.26,0.00,70.87,286,
kalimantan  tengah - sukamara,5,3.25,3.23,13.96,1.66,20.05,8.27,10.43,71.53,0.00,69.81,295,
kalimantan  tengah - lamandau,6,1.37,3.09,17.68,3.12,22.05,8.47,11.60,69.36,0.00,79.43,148,
kalimantan  tengah - gunung mas,3,5.00,4.75,27.23,5.96,39.33,9.56,16.15,70.40,0.00,53.15,367,
kalimantan  tengah - pulang pisau,6,0.36,4.09,24.46,0.17,41.13,8.52,15.38,68.04,0.00,81.05,108,
kalimantan  tengah - murung raya,4,2.29,5.85,16.32,9.33,56.77,8.15,28.62,69.51,0.00,65.97,327,
kalimantan  tengah - barito timur,6,1.28,6.09,17.23,1.65,34.03,9.02,5.77,68.22,0.00,76.16,211,
kalimantan  tengah - kota palangkaraya,6,0.00,3.44,8.75,0.18,8.59,11.31,1.42,73.21,0.00,80.60,40,
kalimantan selatan - tanah laut,6,0.34,4.26,20.83,0.20,43.82,7.88,2.94,69.45,0.00,81.61,97,
kalimantan selatan - kotabaru,6,0.93,4.22,27.33,1.18,31.41,7.26,10.10,69.21,0.00,78.85,161,
kalimantan selatan - banjar,6,0.53,2.55,28.10,0.26,33.90,7.31,2.39,67.21,0.00,80.72,114,
kalimantan selatan - barito kuala,6,0.23,4.51,37.75,0.50,41.61,7.30,4.04,66.09,0.00,79.19,153,
kalimantan selatan - tapin,6,0.27,3.06,28.70,0.16,24.66,7.67,3.43,70.40,0.00,85.18,32,
kalimantan selatan - hulu sungai selatan,6,0.35,5.17,26.68,0.00,36.26,7.90,1.64,65.97,0.00,80.26,126,
kalimantan selatan - hulu sungai tengah,6,0.33,5.64,37.33,0.49,34.91,8.15,1.47,66.01,0.00,79.86,137,
kalimantan selatan - hulu sungai utara,6,0.43,6.14,11.57,0.44,25.41,7.93,1.10,63.83,0.00,81.05,109,
kalimantan selatan - tabalong,6,0.67,5.72,25.13,0.00,24.22,9.53,4.19,70.44,0.00,81.82,91,
kalimantan selatan - tanah bumbu,6,0.70,4.60,15.77,0.54,12.08,8.19,3.44,70.34,0.00,85.56,24,
kalimantan selatan - balangan,6,0.85,5.32,26.45,0.91,26.45,7.76,3.27,67.72,0.00,79.11,155,
kalimantan selatan - kota banjarmasin,6,0.00,4.39,15.03,0.00,4.71,10.11,0.02,71.13,0.00,78.34,52,
kalimantan selatan - kota banjarbaru,6,0.00,4.01,12.89,0.00,22.40,10.79,0.35,71.99,0.00,72.23,68,
kalimantan timur - paser,6,0.94,9.23,19.57,1.10,24.19,8.36,10.08,72.62,0.00,80.48,123,
kalimantan timur - kutai kartanegara,6,1.01,7.31,6.17,0.12,3.71,9.19,12.64,72.34,0.00,84.73,41,
kalimantan timur - berau,6,0.75,5.19,5.74,0.46,5.09,9.49,18.48,72.06,0.00,86.77,12,
kalimantan timur - kutai barat,3,4.72,9.29,15.24,0.75,20.80,8.53,14.43,72.86,0.00,57.76,353,
kalimantan timur - kutai timur,4,3.50,9.55,13.56,2.25,13.16,9.15,19.00,73.16,0.00,66.19,324,
kalimantan timur - penajam paser utara,6,0.64,7.36,12.78,0.00,7.40,8.35,4.44,71.41,0.00,86.24,16,
kalimantan timur - mahakam ulu,3,5.00,11.44,18.13,4.22,18.17,8.62,55.25,72.10,0.00,52.75,368,
kalimantan timur - kota balikpapan,6,0.00,2.57,3.37,0.00,2.59,10.44,0.18,74.49,0.00,88.68,4,
kalimantan timur - kota samarinda,6,0.00,4.76,5.04,0.22,2.22,10.34,0.21,74.27,0.00,83.72,28,
kalimantan timur - kota bontang,6,0.00,4.38,4.36,0.00,1.11,10.91,0.16,74.28,0.00,87.24,8,
kalimantan utara - bulungan,6,1.55,9.06,14.40,0.68,24.14,8.58,15.75,72.66,0.00,77.19,195,
kalimantan utara - malinau,5,2.07,6.63,13.31,0.17,18.50,9.29,54.16,71.45,0.00,73.66,249,
kalimantan utara - nunukan,6,1.65,6.36,17.54,0.85,27.39,8.16,14.10,71.34,0.00,76.25,206,
kalimantan utara - tana tidung,3,4.59,4.81,14.42,0.04,40.27,8.06,19.09,71.42,0.00,56.00,358,
kalimantan utara - kota tarakan,6,0.00,6.24,5.04,0.00,5.83,9.86,0.23,73.97,0.00,82.02,34,
sulawesi utara - bolaang mongondow,6,0.14,7.27,20.05,0.36,33.19,8.33,4.12,69.36,0.00,84.84,38,
sulawesi utara - minahasa,6,0.53,7.30,20.08,0.00,28.54,9.91,0.96,71.08,0.00,85.46,26,
sulawesi utara - kepulauan sangihe,3,5.00,11.14,32.78,3.07,28.21,8.74,0.57,70.10,0.00,54.33,363,
sulawesi utara - kepulauan talaud,6,0.71,9.49,17.44,0.56,35.18,9.97,2.10,70.16,0.00,82.18,84,
sulawesi utara - minahasa selatan,6,0.32,9.14,44.95,0.00,26.47,9.71,2.04,69.92,0.00,83.45,58,
sulawesi utara - minahasa utara,6,0.43,7.00,26.68,0.07,10.73,10.28,1.00,71.38,0.00,88.18,7,
sulawesi utara - minahasa tenggara,6,0.29,12.30,33.21,0.00,16.79,9.17,1.80,70.15,0.00,84.64,43,
sulawesi utara - bolaang mongondow utara,6,0.27,8.41,25.39,0.00,34.16,9.08,3.13,67.66,0.00,82.95,72,
sulawesi utara - kep. siau tagulandang biaro,3,5.00,8.94,17.28,0.18,55.36,9.37,0.63,70.73,0.00,53.28,366,
sulawesi utara - bolaang mongondow timur,6,0.46,5.88,25.00,0.30,39.65,8.42,2.57,67.89,0.00,81.85,90,
sulawesi utara - bolaang mongondow selatan,6,1.05,12.77,28.52,0.63,23.50,8.53,3.48,64.49,0.00,76.72,200,
sulawesi utara - kota manado,6,0.00,5.86,7.94,0.13,2.19,10.82,0.05,71.87,0.00,84.13,22,
sulawesi utara - kota bitung,6,0.00,6.41,20.27,0.00,9.88,9.95,0.37,71.07,0.00,72.97,64,
sulawesi utara - kota tomohon,6,0.00,5.60,8.88,0.20,15.43,11.33,0.13,71.93,0.00,80.32,41,
sulawesi utara - kota kotamobagu,6,0.00,5.42,8.22,0.00,6.74,10.12,0.13,70.47,0.00,79.13,48,
sulawesi tengah - banggai,6,0.33,7.39,17.55,0.45,22.83,8.95,5.39,70.88,0.00,85.15,33,
sulawesi tengah - poso,6,0.32,15.45,15.88,0.00,19.14,9.58,5.09,71.18,0.00,83.76,53,
sulawesi tengah - donggala,5,0.66,17.39,26.50,1.78,40.06,8.15,4.54,67.33,0.00,73.55,251,
sulawesi tengah - tolitoli,6,0.50,12.85,27.76,1.90,21.99,8.77,3.13,65.90,0.00,78.95,159,
sulawesi tengah - buol,6,0.38,13.93,27.93,2.70,19.19,9.06,5.64,68.76,0.00,80.71,115,
sulawesi tengah - morowali,6,0.60,13.43,13.83,1.30,18.12,9.30,2.85,69.18,0.00,81.98,88,
sulawesi tengah - banggai kepulauan,4,3.33,14.04,30.38,6.74,10.26,8.85,3.38,66.31,0.00,61.89,336,
sulawesi tengah - parigi moutong,5,0.31,15.85,29.01,6.54,35.67,7.74,3.20,64.30,0.00,75.03,228,
sulawesi tengah - tojo una-una,6,0.55,16.39,38.85,5.11,9.98,8.33,5.89,65.67,0.00,77.90,174,
sulawesi tengah - sigi,5,0.37,12.45,29.03,3.64,48.13,8.62,6.77,69.99,0.00,75.54,221,
sulawesi tengah - banggai laut,2,5.00,14.60,34.51,13.28,18.40,8.64,1.18,65.38,0.00,49.41,377,
sulawesi tengah - morowali utara,6,0.48,14.10,25.49,5.23,23.11,8.61,13.43,69.61,0.00,79.63,143,
sulawesi tengah - kota palu,6,0.00,6.80,5.85,0.00,7.57,11.35,0.14,71.04,0.00,80.92,39,
sulawesi selatan - kepulauan selayar,5,2.11,12.48,34.88,0.90,14.03,8.49,1.21,68.46,0.00,71.01,284,
sulawesi selatan - bulukumba,6,0.29,7.10,42.97,0.81,23.78,8.42,1.00,67.92,0.00,82.10,87,
sulawesi selatan - bantaeng,6,0.27,8.95,41.90,0.14,9.98,7.52,0.39,70.54,0.00,85.41,27,
sulawesi selatan - jeneponto,6,0.23,14.58,43.20,0.38,16.24,7.24,0.51,66.39,0.00,78.55,169,
sulawesi selatan - takalar,6,0.39,8.44,24.70,0.14,16.49,8.01,0.69,67.18,0.00,83.36,60,
sulawesi selatan - gowa,6,0.29,7.38,29.52,0.38,28.38,8.53,1.28,70.43,0.00,82.91,73,
sulawesi selatan - sinjai,6,0.42,9.00,23.49,1.68,18.67,8.30,0.75,67.30,0.00,82.12,86,
sulawesi selatan - bone,6,0.16,10.68,21.24,0.31,28.11,7.56,2.58,67.07,0.00,81.46,100,
sulawesi selatan - maros,6,0.30,9.74,29.41,1.14,19.98,8.21,1.79,69.02,0.00,83.12,65,
sulawesi selatan - pangkajene dan kepulauan,6,0.46,13.96,30.79,0.84,27.60,7.93,0.53,66.66,0.00,77.61,182,
sulawesi selatan - barru,6,0.23,8.26,30.23,2.11,13.55,8.78,1.02,69.02,0.00,85.31,29,
sulawesi selatan - soppeng,6,0.11,7.59,25.55,0.63,47.37,8.18,2.13,69.65,0.00,81.50,99,
sulawesi selatan - wajo,6,0.11,6.95,28.90,0.41,29.86,7.12,1.60,67.35,0.00,82.81,76,
sulawesi selatan - sidenreng rappang,6,0.12,5.05,22.71,0.10,35.39,8.04,1.26,69.83,0.00,84.79,39,
sulawesi selatan - pinrang,6,0.13,8.86,30.43,0.11,27.44,7.90,1.64,69.61,0.00,83.48,57,
sulawesi selatan - enrekang,6,0.38,12.17,46.36,0.67,28.91,9.19,1.57,70.91,0.00,79.07,156,
sulawesi selatan - luwu,6,0.24,12.65,29.02,2.42,34.52,8.93,2.46,70.34,0.00,81.28,102,
sulawesi selatan - tana toraja,5,0.84,12.10,44.41,1.64,59.86,8.71,1.96,73.30,0.00,73.45,254,
sulawesi selatan - luwu utara,6,0.28,13.41,40.04,0.56,40.19,7.75,7.63,68.51,0.00,77.23,192,
sulawesi selatan - luwu timur,6,0.21,6.85,16.87,1.08,28.79,9.22,4.83,70.53,0.00,86.07,17,
sulawesi selatan - toraja utara,6,0.68,12.01,40.66,0.32,38.63,8.52,1.04,73.39,0.00,77.86,176,
sulawesi selatan - kota makassar,6,0.00,4.54,12.07,0.16,1.36,11.08,0.02,72.09,0.00,83.81,26,
sulawesi selatan - kota pare pare,6,0.00,5.44,10.01,0.00,10.75,10.53,0.08,71.27,0.00,79.80,43,
sulawesi selatan - kota palopo,6,0.00,7.85,14.47,0.00,4.96,10.85,0.20,70.88,0.00,75.48,56,
sulawesi  tenggara - kolaka,6,0.69,11.63,29.24,1.02,16.26,9.45,3.06,71.06,0.00,81.11,107,
sulawesi  tenggara - konawe,6,0.22,12.20,23.27,0.56,12.38,9.01,3.45,70.27,0.00,84.10,49,
sulawesi  tenggara - muna,6,1.03,12.83,35.50,2.82,24.82,8.38,1.15,70.39,0.00,76.62,202,
sulawesi  tenggara - buton,5,1.47,13.21,42.72,0.85,14.96,8.34,2.74,68.25,0.00,72.83,260,
sulawesi  tenggara - konawe selatan,6,0.51,10.74,29.14,1.08,19.12,7.94,5.24,70.80,0.00,81.14,106,
sulawesi  tenggara - bombana,6,0.35,10.01,25.59,0.66,7.94,8.35,5.34,68.91,0.00,83.11,66,
sulawesi  tenggara - wakatobi,4,2.50,14.31,27.75,0.46,31.08,8.36,1.11,70.41,0.00,67.27,315,
sulawesi  tenggara - kolaka utara,6,0.99,12.96,34.42,1.05,13.72,8.92,4.77,70.36,0.00,77.78,178,
sulawesi  tenggara - konawe utara,5,1.35,13.53,34.88,0.00,16.37,9.79,13.36,69.51,0.00,73.87,246,
sulawesi  tenggara - buton utara,5,1.19,14.10,32.39,2.17,16.15,8.87,3.61,70.93,0.00,75.35,224,
sulawesi  tenggara - kolaka timur,6,0.21,13.47,30.96,0.78,27.37,8.98,6.37,72.67,0.00,81.68,95,
sulawesi  tenggara - konawe kepulauan,5,1.57,17.01,40.84,1.24,12.81,9.59,4.02,68.43,0.00,70.88,285,
sulawesi  tenggara - muna barat,6,0.65,13.30,52.79,1.33,24.60,7.52,1.79,70.34,0.00,75.91,217,
sulawesi  tenggara - buton tengah,5,1.36,15.32,44.79,0.33,7.39,6.59,1.50,67.66,0.00,73.83,247,
sulawesi  tenggara - buton selatan,5,1.23,14.11,42.68,1.50,31.80,8.07,0.94,67.66,0.00,70.34,291,
sulawesi  tenggara - kota kendari,6,0.00,4.34,9.27,0.17,7.66,11.93,0.12,73.77,0.00,84.28,21,
sulawesi  tenggara - kota bau bau,6,0.00,7.15,11.75,0.10,6.32,10.82,0.20,71.19,0.00,72.70,66,
gorontalo - gorontalo,6,0.44,17.56,7.24,1.05,21.00,8.08,1.29,67.58,0.00,79.25,152,
gorontalo - boalemo,6,0.09,18.57,26.87,2.25,17.50,7.71,2.47,69.07,0.00,80.21,128,
gorontalo - bone bolango,6,0.51,15.81,9.73,0.41,18.37,9.16,2.38,68.46,0.00,81.62,96,
gorontalo - pahuwato,6,0.11,17.62,21.88,0.76,7.06,7.71,6.33,64.07,0.00,80.52,121,
gorontalo - gorontalo utara,6,0.17,16.88,18.41,1.94,19.09,7.97,2.80,65.87,0.00,79.76,141,
gorontalo - kota gorontalo,6,0.00,5.59,1.87,0.00,6.25,10.54,0.07,72.49,0.00,81.79,36,
sulawesi barat - mamuju utara,6,1.03,4.48,20.53,2.67,29.10,8.37,6.02,66.20,0.00,77.83,177,
sulawesi barat - mamuju,6,0.36,6.92,24.78,0.79,27.32,8.41,3.04,67.52,0.00,80.89,110,
sulawesi barat - mamasa,5,0.52,13.38,40.48,2.18,78.63,8.42,2.97,70.87,0.00,69.68,297,
sulawesi barat - polewali mandar,5,0.38,15.26,36.10,1.14,33.39,7.65,0.88,62.38,0.00,73.57,250,
sulawesi barat - majene,5,1.58,13.73,28.65,0.65,24.85,8.84,0.97,61.56,0.00,68.63,305,
sulawesi barat - mamuju tengah,6,0.26,6.79,15.68,1.01,34.53,8.12,4.08,68.33,0.00,82.34,81,
maluku - maluku tengah,5,1.15,19.83,21.73,1.28,35.15,10.06,5.19,66.42,0.00,71.74,277,
maluku - maluku tenggara,2,5.00,22.57,6.97,7.70,21.97,9.89,1.38,65.07,0.00,49.03,380,
maluku - maluku tenggara barat,2,5.00,27.11,21.58,6.29,22.53,9.79,11.69,63.42,0.00,45.36,384,
maluku - buru,6,0.47,16.64,11.65,6.62,34.14,8.72,5.62,66.41,0.00,77.23,191,
maluku - seram bagian timur,3,2.29,23.04,26.32,14.33,33.67,8.79,6.63,59.41,0.00,57.69,354,
maluku - seram bagian barat,3,2.39,25.11,26.67,5.61,45.10,9.09,5.02,61.69,0.00,57.14,356,
maluku - kepulauan aru,1,5.00,26.26,15.78,23.14,36.41,9.00,14.33,62.87,0.00,40.76,390,
maluku - maluku barat daya,4,1.13,29.15,8.49,7.49,29.00,9.09,8.28,62.38,0.00,67.53,311,
maluku - buru selatan,3,3.95,15.75,26.15,8.99,26.97,8.26,7.23,66.27,0.00,55.67,359,
maluku - kota ambon,6,0.00,4.51,2.35,0.13,11.98,11.87,0.17,70.52,0.00,81.71,37,
maluku - kota tual,3,0.00,22.51,4.48,2.03,15.41,10.65,0.75,65.47,0.00,41.83,97,
maluku utara - halmahera barat,3,5.00,8.82,13.93,0.38,39.41,8.96,2.70,66.25,0.00,52.06,369,
maluku utara - halmahera tengah,2,5.00,13.56,12.28,1.62,37.44,9.08,8.53,63.91,0.00,49.39,378,
maluku utara - halmahera utara,4,4.13,4.45,9.80,2.04,39.62,8.57,6.15,69.56,0.00,60.99,342,
maluku utara - halmahera selatan,2,5.00,5.21,18.33,8.73,37.64,7.83,7.62,65.86,0.00,50.88,374,
maluku utara - kepulauan sula,3,5.00,8.35,18.17,2.57,28.73,9.11,9.78,63.30,0.00,51.85,371,
maluku utara - halmahera timur,5,0.65,15.45,18.14,1.30,56.75,8.28,10.79,68.88,0.00,73.39,256,
maluku utara - pulau morotai,4,2.85,6.46,15.28,0.53,37.99,7.63,5.45,67.18,0.00,65.68,328,
maluku utara - pulau taliabu,2,5.00,7.30,20.46,14.25,53.22,8.17,3.82,62.10,0.00,46.37,381,
maluku utara - kota ternate,6,0.00,3.46,1.75,0.00,8.00,11.41,0.12,70.97,0.00,86.74,9,
maluku utara - kota tidore kepulauan,4,0.00,6.52,10.62,0.00,35.28,10.05,2.77,69.34,0.00,58.48,92,
papua - merauke,6,0.27,10.03,16.64,5.73,29.61,8.75,91.58,67.00,0.00,77.75,179,
papua - jayawijaya,1,5.00,37.22,26.02,48.86,79.64,5.17,5.63,59.64,0.00,24.58,405,
papua - jayapura,3,4.49,12.44,11.17,1.90,29.31,9.84,21.07,67.05,0.00,54.91,362,
papua - nabire,4,2.34,24.15,21.40,7.79,19.07,9.77,14.56,68.06,0.00,65.00,331,
papua - kepulauan yapen,2,5.00,26.30,17.09,24.54,31.22,9.13,5.01,69.12,0.00,43.92,387,
papua - biak numfor,2,5.00,24.57,11.32,0.69,27.83,10.10,3.30,68.25,0.00,49.07,379,
papua - puncak jaya,1,5.00,34.74,52.61,38.72,65.12,2.06,28.98,65.15,0.00,26.15,402,
papua - paniai,1,5.00,36.71,0.32,32.09,93.45,3.91,23.24,66.44,0.00,27.74,401,
papua - mimika,3,5.00,14.26,15.61,10.47,18.61,10.05,12.08,72.32,0.00,55.37,360,
papua - sarmi,2,5.00,13.87,55.06,4.28,42.04,8.95,32.65,66.36,0.00,44.73,386,
papua - keerom,4,2.60,16.32,23.70,13.12,34.87,7.63,21.99,66.69,0.00,61.38,339,
papua - pegunungan bintang,1,5.00,30.15,65.22,52.39,58.08,4.14,63.20,64.44,0.00,25.64,403,
papua - yahukimo,1,5.00,37.34,51.36,70.27,88.78,3.79,84.13,65.93,0.00,18.41,413,
papua - tolikara,1,5.00,32.04,61.48,14.64,92.26,2.07,17.29,65.71,0.00,24.00,406,
papua - waropen,2,3.08,29.54,37.55,4.38,45.88,8.99,52.51,66.33,0.00,50.03,375,
papua - boven digoel,1,5.00,19.41,20.79,10.00,39.54,8.24,39.21,59.97,0.00,41.18,389,
papua - mappi,1,5.00,25.04,43.45,25.11,76.99,5.53,51.88,65.11,0.00,31.51,398,
papua - asmat,1,5.00,25.49,39.46,40.38,93.45,4.60,73.62,58.05,0.00,21.16,410,
papua - supiori,1,5.00,36.91,53.99,8.40,86.90,8.84,2.73,65.94,0.00,28.11,400,
papua - mamberamo raya,1,5.00,28.38,80.70,13.04,79.59,5.12,100.00,57.77,0.00,21.95,409,
papua - mamberamo tengah,1,5.00,36.41,75.66,1.59,97.60,3.26,50.61,63.59,0.00,22.31,408,
papua - yalimo,1,5.00,32.82,28.61,35.16,71.53,4.99,30.85,65.42,0.00,31.73,397,
papua - lanny jaya,1,5.00,38.13,59.52,6.60,93.63,1.36,14.52,66.06,0.00,25.53,404,
papua - nduga,1,5.00,36.72,32.47,57.09,99.71,2.42,100.00,55.27,0.00,14.89,416,
papua - puncak,1,5.00,36.96,91.88,54.87,98.12,1.98,38.28,65.74,0.00,16.17,415,
papua - dogiyai,1,5.00,28.62,26.26,87.02,98.70,2.78,66.71,65.73,0.00,17.56,414,
papua - intan jaya,1,5.00,40.71,38.93,16.34,99.23,1.78,87.43,65.60,0.00,19.38,411,
papua - deiyai,1,5.00,41.76,6.39,53.55,99.24,2.83,100.00,65.24,0.00,18.65,412,
papua - kota jayapura,5,0.00,11.16,4.39,0.93,3.38,11.11,0.50,70.45,0.00,70.18,73,
papua barat - sorong,3,3.03,27.48,17.09,1.55,36.28,9.15,9.48,66.10,0.00,57.07,357,
papua barat - manokwari,5,2.02,20.14,6.05,0.00,21.28,9.70,3.14,68.68,0.00,72.11,273,
papua barat - fakfak,2,5.00,22.27,32.72,3.53,43.55,10.45,21.57,68.47,0.00,45.06,385,
papua barat - sorong selatan,1,5.00,18.28,43.89,9.86,64.23,8.68,16.20,66.25,0.00,39.74,391,
papua barat - raja ampat,2,5.00,17.01,39.31,8.90,44.27,8.64,24.57,64.74,0.00,43.24,388,
papua barat - teluk bintuni,1,5.00,29.39,25.86,3.23,37.12,9.69,46.11,60.83,0.00,38.58,392,
papua barat - teluk wondama,1,5.00,30.91,43.30,4.42,73.65,10.06,17.96,60.10,0.00,33.06,396,
papua barat - kaimana,2,5.00,15.50,29.10,11.68,41.90,9.45,27.07,64.81,0.00,45.73,383,
papua barat - tambrauw,1,5.00,32.80,51.62,26.56,73.91,7.34,100.00,60.13,0.00,22.47,407,
papua barat - maybrat,1,5.00,30.78,27.71,11.15,64.01,9.42,40.76,65.19,0.00,34.59,395,
papua barat - manokwari selatan,4,1.22,28.88,29.60,2.50,38.83,8.39,28.12,67.58,0.00,65.31,329,
papua barat - pegunungan arfak,1,5.00,33.81,35.28,44.69,61.36,5.49,52.33,67.24,0.00,29.73,399,
papua barat - kota sorong,6,0.00,14.99,6.27,0.20,3.55,10.82,0.67,70.70,0.00,71.89,69,
